{"cameraMode":{"drawMode":0,"name":"Shaded","section":"Shading Mode"},"sceneLighting":false,"audioPlay":false,"sceneViewState":{"showFog":true,"showMaterialUpdate":false,"showSkybox":false,"showFlares":true,"showImageEffects":true,"showParticleSystems":true},"in2DMode":false,"pivot":{"x":1.4354119300842286,"y":-0.8092533946037293,"z":-6.460494041442871},"rotation":{"x":-0.0521356426179409,"y":0.04833262786269188,"z":0.002124861115589738,"w":0.9976546168327332},"size":10.192874908447266,"orthographic":false}